state_name,district_name,block_name
Andhra Pradesh,Anantapur,Mudigubba
Andhra Pradesh,Anantapur,Tadipatri
Andhra Pradesh,Chittoor,Chittoor
Andhra Pradesh,Chittoor,Tirupati
Arunachal Pradesh,Tawang,Tawang
Arunachal Pradesh,Itanagar Capital Complex,Itanagar
Assam,Kamrup,Guwahati
Bihar,Patna,Patna Rural
Chhattisgarh,Raipur,Raipur
Delhi,New Delhi,New Delhi
Gujarat,Ahmedabad,Ahmedabad City
Haryana,Gurugram,Gurugram
Karnataka,Bengaluru,Bengaluru North
Kerala,Thiruvananthapuram,Thiruvananthapuram
Madhya Pradesh,Bhopal,Bhopal
Maharashtra,Mumbai,Mumbai City
Rajasthan,Jaipur,Jaipur
Tamil Nadu,Chennai,Chennai
Uttar Pradesh,Lucknow,Lucknow
Uttar Pradesh,Aligarh,Khair
Uttar Pradesh,Aligarh,Lodha
West Bengal,Kolkata,Kolkata